match_date,home_team,away_team,home_score,away_score
2025-08-15,Liverpool,Bournemouth,4,2
2025-08-16,Aston Villa,Newcastle United,0,0
2025-08-16,Brighton,Fulham,1,1
2025-08-16,Tottenham Hotspur,Burnley,3,0
2025-08-16,Sunderland,West Ham United,3,0
2025-08-16,Wolverhampton,Manchester City,0,4
2025-08-17,Chelsea,Crystal Palace,0,0
2025-08-17,Nottingham Forest,Brentford,3,1
2025-08-17,Manchester United,Arsenal,0,1
2025-08-18,Leeds United,Everton,1,0
2025-08-22,West Ham United,Chelsea,1,5
2025-08-23,Manchester City,Tottenham Hotspur,0,2
2025-08-23,Bournemouth,Wolverhampton,1,0
2025-08-23,Brentford,Aston Villa,1,0
2025-08-23,Burnley,Sunderland,2,0
2025-08-23,Arsenal,Leeds United,5,0
2025-08-24,Crystal Palace,Nottingham Forest,1,1
2025-08-24,Everton,Brighton,2,0
2025-08-24,Fulham,Manchester United,1,1
2025-08-25,Newcastle United,Liverpool,2,3
2025-08-30,Chelsea,Fulham,2,0
2025-08-30,Manchester United,Burnley,3,2
2025-08-30,Tottenham Hotspur,Bournemouth,0,1
2025-08-30,Sunderland,Brentford,2,1
2025-08-30,Wolverhampton,Everton,2,3
2025-08-30,Leeds United,Newcastle United,0,0
2025-08-31,Brighton,Manchester City,2,1
2025-08-31,Nottingham Forest,West Ham United,0,3
2025-08-31,Liverpool,Arsenal,1,0
2025-08-31,Aston Villa,Crystal Palace,0,3
2025-09-13,Arsenal,Nottingham Forest,3,0
2025-09-13,Bournemouth,Brighton,2,1
2025-09-13,Crystal Palace,Sunderland,0,0
2025-09-13,Everton,Aston Villa,0,0
2025-09-13,Fulham,Leeds United,1,0
2025-09-13,Newcastle United,Wolverhampton,1,0
2025-09-13,West Ham United,Tottenham Hotspur,0,3
2025-09-13,Brentford,Chelsea,2,2
2025-09-14,Burnley,Liverpool,0,1
2025-09-14,Manchester City,Manchester United,3,0
2025-09-20,Liverpool,Everton,2,1
2025-09-20,Brighton,Tottenham Hotspur,2,2
2025-09-20,Burnley,Nottingham Forest,1,1
2025-09-20,West Ham United,Crystal Palace,1,2
2025-09-20,Wolverhampton,Leeds United,1,3
2025-09-20,Manchester United,Chelsea,2,1
2025-09-20,Fulham,Brentford,3,1
2025-09-21,Bournemouth,Newcastle United,0,0
2025-09-21,Sunderland,Aston Villa,1,1
2025-09-21,Arsenal,Manchester City,1,1
2025-09-27,Brentford,Manchester United,3,1
2025-09-27,Chelsea,Brighton,1,3
2025-09-27,Crystal Palace,Liverpool,2,1
2025-09-27,Leeds United,Bournemouth,2,2
2025-09-27,Manchester City,Burnley,5,1
2025-09-27,Nottingham Forest,Sunderland,0,1
2025-09-27,Tottenham Hotspur,Wolverhampton,1,1
2025-09-28,Aston Villa,Fulham,3,1
2025-09-28,Newcastle United,Arsenal,1,2
2025-09-29,Everton,West Ham United,1,1
2025-10-03,Bournemouth,Fulham,3,1
2025-10-04,Leeds United,Tottenham Hotspur,1,2
2025-10-04,Arsenal,West Ham United,2,0
2025-10-04,Manchester United,Sunderland,2,0
2025-10-04,Chelsea,Liverpool,2,1
2025-10-05,Aston Villa,Burnley,2,1
2025-10-05,Everton,Crystal Palace,2,1
2025-10-05,Newcastle United,Nottingham Forest,2,0
2025-10-05,Wolverhampton,Brighton,1,1
2025-10-05,Brentford,Manchester City,0,1
2025-10-18,Nottingham Forest,Chelsea,0,3
2025-10-18,Brighton,Newcastle United,2,1
2025-10-18,Burnley,Leeds United,2,0
2025-10-18,Crystal Palace,Bournemouth,3,3
2025-10-18,Manchester City,Everton,2,0
2025-10-18,Sunderland,Wolverhampton,2,0
2025-10-18,Fulham,Arsenal,0,1
2025-10-19,Tottenham Hotspur,Aston Villa,1,2
2025-10-19,Liverpool,Manchester United,1,2
2025-10-20,West Ham United,Brentford,0,2
2025-10-24,Leeds United,West Ham United,2,1
2025-10-25,Chelsea,Sunderland,1,2
2025-10-25,Newcastle United,Fulham,2,1
2025-10-25,Manchester United,Brighton,4,2
2025-10-25,Brentford,Liverpool,3,2
2025-10-26,Arsenal,Crystal Palace,1,0
2025-10-26,Aston Villa,Manchester City,1,0
2025-10-26,Bournemouth,Nottingham Forest,2,0
2025-10-26,Wolverhampton,Burnley,2,3
2025-10-26,Everton,Tottenham Hotspur,0,3
2025-11-01,Brighton,Leeds United,3,0
2025-11-01,Burnley,Arsenal,0,2
2025-11-01,Crystal Palace,Brentford,2,0
2025-11-01,Fulham,Wolverhampton,3,0
2025-11-01,Nottingham Forest,Manchester United,2,2
2025-11-01,Tottenham Hotspur,Chelsea,0,1
2025-11-01,Liverpool,Aston Villa,2,0
2025-11-02,West Ham United,Newcastle United,3,1
2025-11-02,Manchester City,Bournemouth,3,1
2025-11-03,Sunderland,Everton,1,1
2025-11-08,Tottenham Hotspur,Manchester United,2,2
2025-11-08,Everton,Fulham,2,0
2025-11-08,West Ham United,Burnley,3,2
2025-11-08,Sunderland,Arsenal,2,2
2025-11-08,Chelsea,Wolverhampton,3,0
2025-11-09,Aston Villa,Bournemouth,4,0
2025-11-09,Brentford,Newcastle United,3,1
2025-11-09,Crystal Palace,Brighton,0,0
2025-11-09,Nottingham Forest,Leeds United,3,1
2025-11-09,Manchester City,Liverpool,3,0
2025-11-22,Burnley,Chelsea,0,2
2025-11-22,Bournemouth,West Ham United,2,2
2025-11-22,Brighton,Brentford,2,1
2025-11-22,Fulham,Sunderland,1,0
2025-11-22,Liverpool,Nottingham Forest,0,3
2025-11-22,Wolverhampton,Crystal Palace,0,2
2025-11-22,Newcastle United,Manchester City,2,1
2025-11-23,Leeds United,Aston Villa,1,2
2025-11-23,Arsenal,Tottenham Hotspur,4,1
2025-11-24,Manchester United,Everton,0,1
2025-11-29,Brentford,Burnley,3,1
2025-11-29,Manchester City,Leeds United,3,2
2025-11-29,Sunderland,Bournemouth,3,2
2025-11-29,Everton,Newcastle United,1,4
2025-11-29,Tottenham Hotspur,Fulham,1,2
2025-11-30,Crystal Palace,Manchester United,1,2
2025-11-30,Aston Villa,Wolverhampton,1,0
2025-11-30,Nottingham Forest,Brighton,0,2
2025-11-30,West Ham United,Liverpool,0,2
2025-11-30,Chelsea,Arsenal,1,1
2025-12-02,Bournemouth,Everton,0,1
2025-12-02,Fulham,Manchester City,4,5
2025-12-02,Newcastle United,Tottenham Hotspur,2,2
2025-12-03,Arsenal,Brentford,2,0
2025-12-03,Brighton,Aston Villa,3,4
2025-12-03,Burnley,Crystal Palace,0,1
2025-12-03,Wolverhampton,Nottingham Forest,0,1
2025-12-03,Leeds United,Chelsea,3,1
2025-12-03,Liverpool,Sunderland,1,1
2025-12-04,Manchester United,West Ham United,1,1
2025-12-06,Aston Villa,Arsenal,2,1
2025-12-06,Bournemouth,Chelsea,0,0
2025-12-06,Everton,Nottingham Forest,3,0
2025-12-06,Manchester City,Sunderland,3,0
2025-12-06,Newcastle United,Burnley,2,1
2025-12-06,Tottenham Hotspur,Brentford,2,0
2025-12-06,Leeds United,Liverpool,3,3
2025-12-07,Brighton,West Ham United,1,1
2025-12-07,Fulham,Crystal Palace,1,2
2025-12-08,Wolverhampton,Manchester United,1,4
2025-12-13,Chelsea,Everton,2,0
2025-12-13,Liverpool,Brighton,2,0
2025-12-13,Burnley,Fulham,2,3
2025-12-13,Arsenal,Wolverhampton,2,1
2025-12-14,Crystal Palace,Manchester City,0,3
2025-12-14,Nottingham Forest,Tottenham Hotspur,3,0
2025-12-14,Sunderland,Newcastle United,1,0
2025-12-14,West Ham United,Aston Villa,2,3
2025-12-14,Brentford,Leeds United,1,1
2025-12-15,Manchester United,Bournemouth,4,4
2025-12-20,Newcastle United,Chelsea,2,2
2025-12-20,Bournemouth,Burnley,1,1
2025-12-20,Brighton,Sunderland,0,0
2025-12-20,Manchester City,West Ham United,3,0
2025-12-20,Wolverhampton,Brentford,0,2
2025-12-20,Tottenham Hotspur,Liverpool,1,2
2025-12-20,Everton,Arsenal,0,1
2025-12-20,Leeds United,Crystal Palace,4,1
2025-12-21,Aston Villa,Manchester United,2,1
2025-12-22,Fulham,Nottingham Forest,1,0
2025-12-26,Manchester United,Newcastle United,1,0
2025-12-27,Nottingham Forest,Manchester City,1,2
2025-12-27,Arsenal,Brighton,2,1
2025-12-27,Brentford,Bournemouth,4,1
2025-12-27,Burnley,Everton,0,0
2025-12-27,Liverpool,Wolverhampton,2,1
2025-12-27,West Ham United,Fulham,0,1
2025-12-27,Chelsea,Aston Villa,1,2
2025-12-28,Sunderland,Leeds United,1,1
2025-12-28,Crystal Palace,Tottenham Hotspur,0,1
2025-12-30,Burnley,Newcastle United,1,3
2025-12-30,Chelsea,Bournemouth,2,2
2025-12-30,Nottingham Forest,Everton,0,2
2025-12-30,West Ham United,Brighton,2,2
2025-12-30,Arsenal,Aston Villa,4,1
2025-12-30,Manchester United,Wolverhampton,1,1
2026-01-01,Crystal Palace,Fulham,1,1
2026-01-01,Liverpool,Leeds United,0,0
2026-01-01,Brentford,Tottenham Hotspur,0,0
2026-01-01,Sunderland,Manchester City,0,0
2026-01-03,Aston Villa,Nottingham Forest,3,1
2026-01-03,Brighton,Burnley,2,0
2026-01-03,Wolverhampton,West Ham United,3,0
2026-01-03,Bournemouth,Arsenal,2,3
2026-01-04,Leeds United,Manchester United,1,1
2026-01-04,Everton,Brentford,2,4
2026-01-04,Newcastle United,Crystal Palace,2,0
2026-01-04,Tottenham Hotspur,Sunderland,1,1
2026-01-04,Fulham,Liverpool,2,2
2026-01-04,Manchester City,Chelsea,1,1
2026-01-06,West Ham United,Nottingham Forest,1,2
2026-01-07,Bournemouth,Tottenham Hotspur,3,2
2026-01-07,Brentford,Sunderland,3,0
2026-01-07,Crystal Palace,Aston Villa,0,0
2026-01-07,Everton,Wolverhampton,1,1
2026-01-07,Fulham,Chelsea,2,1
2026-01-07,Manchester City,Brighton,1,1
2026-01-07,Burnley,Manchester United,2,2
2026-01-07,Newcastle United,Leeds United,4,3
2026-01-08,Arsenal,Liverpool,0,0
2026-01-17,Manchester United,Manchester City,2,0
2026-01-17,Chelsea,Brentford,2,0
2026-01-17,Leeds United,Fulham,1,0
2026-01-17,Liverpool,Burnley,1,1
2026-01-17,Tottenham Hotspur,West Ham United,1,2
2026-01-17,Sunderland,Crystal Palace,2,1
2026-01-17,Nottingham Forest,Arsenal,0,0
2026-01-18,Wolverhampton,Newcastle United,0,0
2026-01-18,Aston Villa,Everton,0,1
2026-01-19,Brighton,Bournemouth,1,1
2026-01-24,West Ham United,Sunderland,3,1
2026-01-24,Burnley,Tottenham Hotspur,2,2
2026-01-24,Fulham,Brighton,2,1
2026-01-24,Manchester City,Wolverhampton,2,0
2026-01-24,Bournemouth,Liverpool,3,2
2026-01-25,Brentford,Nottingham Forest,0,2
2026-01-25,Crystal Palace,Chelsea,1,3
2026-01-25,Newcastle United,Aston Villa,0,2
2026-01-25,Arsenal,Manchester United,2,3
2026-01-26,Everton,Leeds United,1,1
2026-01-31,Brighton,Everton,1,1
2026-01-31,Leeds United,Arsenal,0,4
2026-01-31,Wolverhampton,Bournemouth,0,2
2026-01-31,Chelsea,West Ham United,3,2
2026-01-31,Liverpool,Newcastle United,4,1
2026-02-01,Aston Villa,Brentford,0,1
2026-02-01,Manchester United,Fulham,3,2
2026-02-01,Nottingham Forest,Crystal Palace,1,1
2026-02-01,Tottenham Hotspur,Manchester City,2,2
2026-02-02,Sunderland,Burnley,3,0
2026-02-06,Leeds United,Nottingham Forest,3,1
2026-02-07,Manchester United,Tottenham Hotspur,2,0
2026-02-07,Arsenal,Sunderland,3,0
2026-02-07,Bournemouth,Aston Villa,1,1
2026-02-07,Burnley,West Ham United,0,2
2026-02-07,Fulham,Everton,1,2
2026-02-07,Wolverhampton,Chelsea,1,3
2026-02-07,Newcastle United,Brentford,2,3
2026-02-08,Brighton,Crystal Palace,0,1
2026-02-08,Liverpool,Manchester City,1,2
2026-02-10,Chelsea,Leeds United,2,2
2026-02-10,Everton,Bournemouth,1,2
2026-02-10,Tottenham Hotspur,Newcastle United,1,2
2026-02-10,West Ham United,Manchester United,1,1
2026-02-11,Aston Villa,Brighton,1,0
2026-02-11,Manchester City,Fulham,3,0
2026-02-11,Nottingham Forest,Wolverhampton,0,0
2026-02-11,Crystal Palace,Burnley,2,3
2026-02-11,Sunderland,Liverpool,0,1
2026-02-12,Brentford,Arsenal,1,1
2026-02-18,Wolverhampton,Arsenal,2,2
2026-02-21,Aston Villa,Leeds United,1,1
2026-02-21,Brentford,Brighton,0,2
2026-02-21,Chelsea,Burnley,1,1
2026-02-21,West Ham United,Bournemouth,0,0
2026-02-21,Manchester City,Newcastle United,2,1
2026-02-22,Crystal Palace,Wolverhampton,1,0
2026-02-22,Nottingham Forest,Liverpool,0,1
2026-02-22,Sunderland,Fulham,1,3
2026-02-22,Tottenham Hotspur,Arsenal,1,4
2026-02-23,Everton,Manchester United,0,1
2026-02-27,Wolverhampton,Aston Villa,2,0
